,ID,Year_Birth,Income,Kidhome,Teenhome,MntWines,MntFruits,MntMeatProducts,MntFishProducts,MntSweetProducts,MntGoldProds,NumWebPurchases,NumCatalogPurchases,NumStorePurchases,NumWebVisitsMonth,Complain,Z_CostContact,Z_Revenue
count,1754,1754,1735,1754,1754,1754,1754,1754,1754,1754,1754,1754,1754,1754,1754,1754,1754,1754
mean,5584.696123,1969.571266,51166.5781,0.4561,0.480616,276.072406,28.034778,166.492018,40.517104,28.958381,47.266819,3.990878,2.576967,5.714937,5.332383,0.011403,3,11
std,3254.655979,11.876614,26200.41918,0.537854,0.536112,314.604735,41.348883,225.561694,57.412986,42.83066,53.885647,2.708278,2.848335,3.231465,2.380183,0.106202,0,0
min,0,1893,1730,0,0,0,0,0,0,0,0,0,0,0,0,0,3,11
25%,2802.5,1960,33574.5,0,0,19,2,15,3,2,10,2,0,3,3,0,3,11
50%,5468,1971,49912,0,0,160.5,9,66,13,9,27,3,1,5,6,0,3,11
75%,8441.25,1978,68130,1,1,454,35,232,53.5,35,63,6,4,8,7,0,3,11
max,11191,1996,666666,2,2,1492,199,1725,259,263,362,27,28,13,20,1,3,11